{"cameraMode":{"drawMode":0,"name":"Shaded","section":"Shading Mode"},"sceneLighting":false,"audioPlay":false,"sceneViewState":{"m_AlwaysRefresh":false,"showFog":true,"showSkybox":false,"showFlares":true,"showImageEffects":true,"showParticleSystems":true,"showVisualEffectGraphs":true,"m_FxEnabled":true},"in2DMode":false,"pivot":{"x":7.163861274719238,"y":5.395728588104248,"z":-0.00809943675994873},"rotation":{"x":0.004189459607005119,"y":0.008096189238131047,"z":0.000032911393645918,"w":-0.9999573230743408},"size":2.6347134113311769,"orthographic":false}